CustomerID,Recency,Frequency,Monetary,Churn,Churn_probability
17850.0,372,34,5391.21,1,0.9999999999999933
13747.0,374,1,79.6,1,0.99999999999999
16583.0,374,1,233.45,1,0.99999999999999
17908.0,374,1,243.28,1,0.99999999999999
12791.0,374,1,192.60000000000002,1,0.99999999999999
17968.0,374,1,277.35,1,0.99999999999999
14729.0,374,1,313.49,1,0.9999999999999898
18074.0,374,1,489.6,1,0.9999999999999898
16048.0,373,2,256.44,1,0.9999999999999891
15350.0,373,1,115.65,1,0.9999999999999889
17643.0,373,1,101.55,1,0.9999999999999889
12855.0,373,1,38.1,1,0.9999999999999889
15070.0,373,1,106.2,1,0.9999999999999889
18011.0,373,1,102.78999999999999,1,0.9999999999999889
15923.0,373,1,127.08,1,0.9999999999999889
13065.0,373,1,205.86,1,0.9999999999999887
13108.0,373,1,350.06,1,0.9999999999999887
15922.0,373,1,369.5,1,0.9999999999999887
16274.0,373,1,357.95,1,0.9999999999999887
16752.0,373,1,207.5,1,0.9999999999999887
14237.0,373,1,161.0,1,0.9999999999999887
17732.0,373,1,303.97,1,0.9999999999999887
15363.0,373,1,326.0,1,0.9999999999999887
17855.0,373,1,208.97,1,0.9999999999999887
17925.0,373,1,244.08,1,0.9999999999999887
14142.0,373,1,311.81,1,0.9999999999999887
15165.0,373,1,487.75,1,0.9999999999999885
13011.0,372,1,50.550000000000004,1,0.9999999999999876
14576.0,372,1,35.400000000000006,1,0.9999999999999876
15823.0,372,1,15.0,1,0.9999999999999876
14589.0,372,1,39.75,1,0.9999999999999876
16781.0,372,1,311.25,1,0.9999999999999873
12686.0,372,1,89.14,1,0.9999999999999873
16510.0,372,1,248.1,1,0.9999999999999873
17967.0,372,1,123.07,1,0.9999999999999873
12738.0,372,1,155.35,1,0.9999999999999873
17976.0,372,1,353.19,1,0.9999999999999873
13370.0,372,1,754.87,1,0.9999999999999869
16754.0,372,1,2002.4,1,0.999999999999986
16926.0,371,1,230.25,1,0.9999999999999858
12725.0,371,1,427.8,1,0.9999999999999856
14813.0,370,2,155.43,1,0.9999999999999847
15899.0,369,1,56.25,1,0.9999999999999822
18113.0,369,1,76.32000000000001,1,0.9999999999999822
17860.0,369,1,252.8,1,0.999999999999982
15880.0,369,1,343.28000000000003,1,0.999999999999982
16858.0,369,1,375.69000000000005,1,0.999999999999982
16718.0,369,1,623.75,1,0.9999999999999818
18119.0,368,1,181.12,1,0.99999999999998
16658.0,368,1,123.24,1,0.99999999999998
15180.0,367,1,87.5,1,0.9999999999999778
14821.0,367,1,48.800000000000004,1,0.9999999999999778
16893.0,367,1,145.93,1,0.9999999999999776
12441.0,367,1,173.55,1,0.9999999999999776
13786.0,367,1,230.39999999999998,1,0.9999999999999776
13807.0,367,1,112.6,1,0.9999999999999776
15973.0,367,1,307.82000000000005,1,0.9999999999999774
16125.0,367,1,289.35,1,0.9999999999999774
16679.0,366,1,129.75,1,0.9999999999999749
18269.0,366,1,168.6,1,0.9999999999999749
15347.0,366,1,201.60000000000002,1,0.9999999999999749
14437.0,366,1,63.0,1,0.9999999999999749
14355.0,366,1,174.4,1,0.9999999999999749
13369.0,366,1,308.28000000000003,1,0.9999999999999747
12797.0,366,1,254.03,1,0.9999999999999747
15332.0,366,4,1661.06,1,0.9999999999999747
15221.0,366,1,403.25,1,0.9999999999999745
14932.0,366,1,363.53,1,0.9999999999999745
13270.0,366,1,590.0,1,0.9999999999999742
14082.0,365,1,182.25,1,0.9999999999999718
15723.0,365,1,203.1,1,0.9999999999999718
15945.0,365,1,181.0,1,0.9999999999999718
17978.0,365,1,300.91999999999996,1,0.9999999999999716
17456.0,365,1,249.86,1,0.9999999999999716
16795.0,365,1,414.88,1,0.9999999999999714
16065.0,365,1,372.09,1,0.9999999999999714
17880.0,365,1,458.92,1,0.9999999999999714
16565.0,364,1,173.7,1,0.9999999999999682
16727.0,364,1,272.82,1,0.9999999999999682
12785.0,364,1,311.95,1,0.999999999999968
15503.0,363,1,147.09,1,0.9999999999999645
17251.0,363,1,283.28000000000003,1,0.9999999999999643
14413.0,362,1,122.7,1,0.9999999999999603
16665.0,362,1,135.39999999999998,1,0.9999999999999603
18004.0,362,1,169.47,1,0.9999999999999603
15454.0,362,1,179.1,1,0.99999999999996
15361.0,362,1,418.92,1,0.9999999999999596
13948.0,361,1,102.0,1,0.9999999999999556
17524.0,361,1,145.0,1,0.9999999999999554
17303.0,361,1,250.04,1,0.9999999999999551
16202.0,361,1,365.27,1,0.9999999999999547
16812.0,361,1,479.35,1,0.9999999999999545
16499.0,360,2,365.45,1,0.9999999999999507
13295.0,360,1,201.20000000000002,1,0.9999999999999498
17525.0,360,1,422.70000000000005,1,0.9999999999999492
18050.0,359,1,74.4,1,0.999999999999944
17752.0,359,1,80.64,1,0.999999999999944
17551.0,359,1,306.84,1,0.9999999999999434
17496.0,359,1,271.05,1,0.9999999999999434
17691.0,358,2,290.40000000000003,1,0.9999999999999383
